{"cameraMode":{"drawMode":0,"name":"Shaded","section":"Shading Mode"},"sceneLighting":true,"audioPlay":false,"sceneViewState":{"m_AlwaysRefresh":false,"showFog":true,"showSkybox":true,"showFlares":true,"showImageEffects":true,"showParticleSystems":true,"showVisualEffectGraphs":true,"m_FxEnabled":true},"in2DMode":false,"pivot":{"x":-0.8546037077903748,"y":0.3981013298034668,"z":2.100724935531616},"rotation":{"x":-0.18315057456493379,"y":0.015023574233055115,"z":-0.002794646890833974,"w":-0.9829791784286499},"size":2.963641881942749,"orthographic":false}