{"cameraMode":{"drawMode":0,"name":"Shaded","section":"Shading Mode"},"sceneLighting":true,"audioPlay":false,"sceneViewState":{"m_AlwaysRefresh":false,"showFog":true,"showSkybox":true,"showFlares":true,"showImageEffects":true,"showParticleSystems":true,"showVisualEffectGraphs":true,"m_FxEnabled":true},"in2DMode":false,"pivot":{"x":2.4785268306732179,"y":2.8558759689331056,"z":4.352665424346924},"rotation":{"x":-0.057004205882549289,"y":0.19958992302417756,"z":-0.011625428684055806,"w":-0.9781649708747864},"size":7.225700855255127,"orthographic":false}